background,character_one
background3.PNG,ange_right.png
background3.PNG,ange_right.png
background3.PNG,hero_right.png
background3.PNG,hero_right.png
background3.PNG,hero_right.png
background3.PNG,hero2_left.png
background3.PNG,hero_right.png
background3.PNG,hero2_left.png
background2.PNG,ange_right.png
background2.PNG,hero2_left.png
background2.PNG,hero2_left.png
background2.PNG,ange_left.png
background3.PNG,ange_right.png
background3.PNG,gipsy_right.png
background3.PNG,gipsy_right.png
background2.PNG,gipsy_right.png
background2.PNG,gipsy_left.png
background2.PNG,hero_right.png
background3.PNG,hero2_left.png
background3.PNG,ange_right.png